sabor,meia,grande
Atum Especial,58.35,114.4
Pizza 2 Queijos,52.45,106.6
Pizza 4 Queijos,58.35,118.3
Pizza 5 Queijos,64.25,128.7
Pizza Abobrinha,48.91,97.5
Pizza Alcachofra Especial,64.25,128.7
Pizza Alcachofra,57.17,114.4
Pizza Alho Poró,48.91,97.5
Pizza Alho,48.91,97.5
Pizza Aliche Importado,61.3,123.5
Pizza Americana,58.35,118.3
Pizza Artes Da Pizza,49.5,101.4
Pizza Atum,45.37,89.7
Pizza Bacon,51.86,101.4
Pizza Baiana,47.14,93.6
Pizza Berinjela,47.14,93.6
Pizza Brócolis 2,54.22,109.2
Pizza Brócolis 3,54.22,109.2
Pizza Brócolis,47.14,93.6
Pizza Búfala,50.09,97.5
Pizza Calabresa,44.78,89.7
Pizza Calacatu,53.63,107.9
Pizza Camarão,84.95,169.9
Pizza Caprichosa,57.17,115.7
Pizza Carne Seca,64.25,128.7
Pizza Catupiry,46.55,91
Pizza Classe Especial,47.14,91
Pizza Classic,53.63,128.7
Pizza Escarola Especial,53.63,106.6
Pizza Escarola,47.14,91
Pizza Espanhola,64.25,128.7
Pizza Executiva,48.91,97.5
Pizza Favorita,48.91,97.5
Pizza Filé Mignon,84.45,168.9
Pizza Jardineira,48.91,97.5
Pizza Light,64.25,128.7
Pizza Lombo 2,53.63,109.2
Pizza Lombo,41.24,89.7
Pizza Marguerita Especial,64.25,128.7
Pizza Marguerita,48.91,97.5
Pizza Milho,48.91,97.5
Pizza Mista,47.14,91
Pizza Mussarela,44.78,89.7
Pizza Napolitana,46.55,93.6
Pizza Palmito,60.71,122.2
Pizza Pepperoni,54.22,109.2
Pizza Peruana,64.25,128.7
Pizza Portuguesa 2,60.71,123.5
Pizza Portuguesa,50.09,97.5
Pizza Primeira Classe,50.68,97.5
Pizza Romana,64.25,136.5
Pizza Rúcula,60.71,123.5
Pizza Tomate Seco,48.91,97.5
Pizza Toscana,51.86,104
Pizza Vegetariana,58.35,117
Pizza À Moda Da Casa,64.25,128.7
