nome_keeta,broto,grande
Atum Especial,71.5,114.4
Pizza  Camarão,109.2,169.9
Pizza 2 Queijos,66.3,106.6
Pizza 4 Queijos,74.1,118.3
Pizza 5 Queijos,80.6,128.7
Pizza Abobrinha,59.8,97.5
Pizza Alcachofra,71.5,114.4
Pizza Alcachofra Especial,80.6,128.7
Pizza Alho,59.8,97.5
Pizza Alho Poró,59.8,97.5
Pizza Aliche Importado,79.3,123.5
Pizza Americana,74.1,118.3
Pizza Artes Da Pizza,62.4,101.4
Pizza Atum,55.9,89.7
Pizza Bacon,62.4,101.4
Pizza Baiana,58.5,93.6
Pizza Berinjela,58.5,93.6
Pizza Brócolis,58.5,93.6
Pizza Brócolis 2,67.6,109.2
Pizza Brócolis 3,67.6,109.2
Pizza Búfala,59.8,97.5
Pizza Calabresa,55.9,89.7
Pizza Calacatu,67.6,107.9
Pizza Caprichosa,71.5,115.7
Pizza Carne Seca,80.6,128.7
Pizza Catupiry,58.5,91
Pizza Classe Especial,58.5,91
Pizza Classic,80.6,128.7
Pizza Escarola,58.5,91
Pizza Escarola Especial,66.3,106.6
Pizza Espanhola,80.6,128.7
Pizza Executiva,59.8,97.5
Pizza Favorita,59.8,97.5
Pizza Filé Mignon,109.2,168.9
Pizza Jardineira,59.8,97.5
Pizza Light,80.6,128.7
Pizza Lombo,55.9,89.7
Pizza Lombo 2,67.6,109.2
Pizza Marguerita,59.8,97.5
Pizza Marguerita Especial,80.6,128.7
Pizza Milho,59.8,97.5
Pizza Mista,58.5,91
Pizza Mussarela,55.9,89.7
Pizza Napolitana,58.5,93.6
Pizza Palmito,78,122.2
Pizza Pepperoni,67.6,109.2
Pizza Peruana,80.6,128.7
Pizza Portuguesa,59.8,97.5
Pizza Portuguesa 2,79.3,123.5
Pizza Primeira Classe,59.8,97.5
Pizza Romana,84.5,136.5
Pizza Rúcula,79.3,123.5
Pizza Tomate Seco,59.8,97.5
Pizza Toscana,63.7,104
Pizza Vegetariana,72.8,117
Pizza À Moda Da Casa,80.6,128.7
Pizza Banana,,78
Pizza Brigadeiro,,78
Pizza Romeu E Julieta,,78
Chocolate com morango,,91
Pizza Aladinele,68.9,110.5
Pizza Caipira,67.6,107.9
Pizza Do Pizzaiolo,66.3,106.6
Pizza Frango Catupiry,63.7,102.7
Pizza Frango Especial,68.9,110.5
Pizza Siciliana,67.6,109.2
Pizza Strogonoff,97.5,156
