Nº,Pizza,Keeta Broto,Keeta Grande
1,2 QUEIJOS,66.30,106.60
2,4 QUEIJOS,74.10,118.30
3,5 QUEIJOS,80.60,128.70
4,A MODA DA CASA,80.60,128.70
5,ABOBRINHA,59.80,97.50
6,ALADINELE,68.90,110.50
7,ALCACHOFRA,71.50,114.40
8,ALCACHOFRA ESPECIAL,80.60,128.70
9,ALHO,59.80,97.50
10,ALHO PORÓ,59.80,97.50
11,ALICHE IMPORTADO,79.30,123.50
12,AMERICANA,74.10,118.30
13,ARTES DA PIZZA,62.40,101.40
14,ATUM,55.90,89.70
15,ATUM ESPECIAL,71.50,114.40
16,BACON,62.40,101.40
17,BAIANA,58.50,93.60
18,BERINJELA,58.50,93.60
19,BRÓCOLIS,58.50,93.60
20,BROCOLIS II,67.60,109.20
21,BRÓCOLIS III,67.60,109.20
22,BÚFALA,59.80,97.50
23,CAIPIRA,67.60,107.90
24,CALABRESA,55.90,89.70
25,CALACATÚ,67.60,107.90
26,CAMARÃO,109.20,169.00
27,CAPRICHOSA,71.50,115.70
28,CARNE SECA,80.60,128.70
29,CATUPIRY,58.50,91.00
30,CLASSE ESPECIAL,58.50,91.00
31,DO PIZZAIOLO,66.30,106.60
32,ESCAROLA,58.50,91.00
33,ESCAROLA ESPECIAL,67.60,106.60
34,ESPANHOLA,80.60,128.70
35,ESPECIAL,80.60,128.70
36,EXECUTIVA,59.80,97.50
37,FAVORITA,59.80,97.50
38,FILÉ MIGNON,109.20,169.00
39,FRANGO CATUPIRY,63.70,102.70
40,FRANGO ESPECIAL,68.90,110.50
41,JARDINEIRA,59.80,97.50
42,LIGHT,80.60,128.70
43,LOMBO,55.90,89.70
44,LOMBO II,67.60,109.20
45,MARGUERITA,59.80,97.50
46,MARGUERITA ESPECIAL,80.60,128.70
47,MILHO,59.80,97.50
48,MISTA,58.50,91.00
49,MUSSARELA,55.90,89.70
50,NAPOLITANA,58.50,93.60
51,PALMITO,78.00,122.20
52,PEPPERONE,67.60,109.20
53,PERUANA,80.60,128.70
54,PORTUGUESA,59.80,97.50
55,PORTUGUESA II,79.30,123.50
56,PRIMEIRA CLASSE,59.80,97.50
57,ROMANA,84.50,136.50
58,RÚCULA,79.30,123.50
59,SICILIANA,67.60,109.20
60,STROGONOFF,97.50,156.00
61,TOMATE SECO,59.80,97.50
62,TOSCANA,63.70,104.00
63,VEGETARIANA,72.80,117.00
64,BANANA,48.10,78.00
65,BRIGADEIRO,48.10,78.00
66,ROMEU E JULIETA,48.10,78.00
67,CHOCOLATE COM MORANGO,57.20,91.00
68,TORTA HOLANDESA,15.60,
